ID Review,Review,Kategori
1,"Toko fashion ini punya koleksi baju yang sangat lengkap dan rapi.",Fashion
2,"Harga pakaian di sini cukup terjangkau untuk kualitas yang diberikan.",Fashion
3,"Pelayan toko sangat ramah dan membantu memilih ukuran yang pas.",Fashion
4,"Model bajunya kekinian dan cocok untuk anak muda maupun dewasa.",Fashion
5,"Kualitas bahan pakaiannya bagus, nyaman dipakai seharian penuh.",Fashion
6,"Pilihan warna dan desainnya banyak, jadi mudah mencari yang cocok.",Fashion
7,"Tempatnya bersih, nyaman, dan enak untuk belanja tanpa terburu-buru.",Fashion
8,"Koleksi hijab di toko ini sangat cantik dan mengikuti tren terbaru.",Fashion
9,"Bajunya bagus, tetapi beberapa ukuran cepat habis saat ramai pengunjung.",Fashion
10,"Pelayanan kasir cepat dan proses pembayaran sangat praktis di sini.",Fashion
11,"Toko ini cocok untuk mencari outfit kasual maupun formal.",Fashion
12,"Harga sepatu dan tas di sini masih cukup masuk akal.",Fashion
13,"Desain pakaiannya modern dan terlihat lebih eksklusif dari harganya.",Fashion
14,"Ruang ganti bersih dan cukup nyaman untuk mencoba pakaian.",Fashion
15,"Staf toko sabar melayani pembeli yang banyak bertanya soal produk.",Fashion
16,"Koleksi pakaian pria di sini juga cukup lengkap dan menarik.",Fashion
17,"Saya suka kualitas jahitannya yang rapi dan tidak mudah lepas.",Fashion
18,"Tempat belanjanya luas sehingga mudah melihat semua koleksi yang tersedia.",Fashion
19,"Banyak promo menarik untuk pembelian pakaian dalam jumlah tertentu.",Fashion
20,"Model dress di toko ini elegan dan cocok untuk acara resmi.",Fashion
21,"Pilihan celana dan kemejanya sangat beragam untuk berbagai usia.",Fashion
22,"Tokonya nyaman, musiknya enak, dan suasana belanja terasa menyenangkan.",Fashion
23,"Bahan kaos yang dijual adem dan nyaman dipakai sehari-hari.",Fashion
24,"Toko ini selalu update model fashion terbaru setiap minggu.",Fashion
25,"Harga beberapa produk sedikit mahal, tetapi kualitasnya memang bagus.",Fashion
26,"Pelayanan pegawai sangat sopan dan membantu mencari barang yang dicari.",Fashion
27,"Koleksi tas wanita di sini unik dan terlihat sangat modis.",Fashion
28,"Pakaian anak yang dijual lucu, nyaman, dan banyak pilihan warna.",Fashion
29,"Toko fashion ini cocok untuk belanja keluarga karena produknya lengkap.",Fashion
30,"Display produk tertata rapi sehingga pembeli mudah memilih barang.",Fashion
31,"Bajunya stylish, bahannya lembut, dan jahitannya terlihat sangat rapi.",Fashion
32,"Pilihan ukuran tersedia cukup lengkap dari kecil sampai besar.",Fashion
33,"Kualitas produk bagus dan sesuai dengan foto yang dipajang.",Fashion
34,"Tempat ini sering ramai karena model pakaiannya selalu menarik.",Fashion
35,"Saya puas belanja di sini karena banyak pilihan dan harga bersaing.",Fashion
36,"Koleksi sandal dan aksesori fashionnya juga cukup lengkap dan menarik.",Fashion
37,"Pelayanan di toko ini cepat meskipun pengunjung sedang cukup ramai.",Fashion
38,"Pakaian yang dijual cocok untuk kuliah, kerja, dan acara santai.",Fashion
39,"Toko ini punya banyak pilihan outfit yang trendi dan terjangkau.",Fashion
40,"Secara keseluruhan pengalaman belanja di sini sangat memuaskan dan nyaman.",Fashion